<?xml version="1.0" encoding="UTF-8"?>
<!DOCTYPE hibernate-configuration PUBLIC "-//Hibernate/Hibernate Configuration DTD 3.0//EN"
                                         "http://www.hibernate.org/dtd/hibernate-configuration-3.0.dtd">
<hibernate-configuration>
 <session-factory name="">
  <property name="hibernate.connection.driver_class">com.mysql.jdbc.Driver</property>
  <property name="hibernate.connection.password">Damini@1505</property>
  <property name="hibernate.connection.url">jdbc:mysql://localhost:3306/library</property>
  <property name="hibernate.connection.username">root</property>
  <property name="hibernate.dialect">org.hibernate.dialect.MySQLDialect</property>
  <property name="hbm2ddl.auto">update</property>
  <property name="show_sql">true</property>
  <!-- JDBC connection pool settings -->
  <property name="hibernate.c3p0.min_size">5</property>
  <property name="hibernate.c3p0.max_size">20</property>
  <mapping class="com.cse.LibraryManagement.IssuedBook"/>
 </session-factory>
</hibernate-configuration>
